<?xml version='1.0' encoding='US-ASCII'?>
<mstns:BIF VERSION="0" xmlns:mstns="http://localhost/xml/model.xsd">
  <mstns:HEADER>
    <mstns:NAME>car_buyer</mstns:NAME>
    <mstns:VERSION>1</mstns:VERSION>
    <mstns:CREATOR>UnBBayes</mstns:CREATOR>
  </mstns:HEADER>
  <mstns:STATICPROPERTY>
    <mstns:NODESIZE>40</mstns:NODESIZE>
    <mstns:NODEFONTSIZE>0</mstns:NODEFONTSIZE>
    <mstns:COLORUTILITY>-16711681</mstns:COLORUTILITY>
    <mstns:COLORDECISION>-14336</mstns:COLORDECISION>
    <mstns:COLORPROBDESCRIPTION>-256</mstns:COLORPROBDESCRIPTION>
    <mstns:COLORPROBEXPLANATION>-16711936</mstns:COLORPROBEXPLANATION>
  </mstns:STATICPROPERTY>
  <mstns:HIERARCHY>
    <mstns:ROOT NAME="root">
      <mstns:LEVEL NAME="R1: Test 1 result"/>
      <mstns:LEVEL NAME="R2: Test 2 result"/>
      <mstns:LEVEL NAME="CC:Condition"/>
    </mstns:ROOT>
  </mstns:HIERARCHY>
  <mstns:NETWORK>
    <mstns:VARIABLES>
      <mstns:VAR YPOS="70" XPOS="35" TYPE="discrete" NAME="C5">
        <mstns:LABEL>R1: Test 1 result</mstns:LABEL>
        <mstns:STATENAME>no result</mstns:STATENAME>
        <mstns:STATENAME>no defect</mstns:STATENAME>
        <mstns:STATENAME>one defect</mstns:STATENAME>
        <mstns:STATENAME>two defect</mstns:STATENAME>
      </mstns:VAR>
      <mstns:VAR YPOS="70" XPOS="130" TYPE="discrete" NAME="C6">
        <mstns:LABEL>R2: Test 2 result</mstns:LABEL>
        <mstns:STATENAME>no result</mstns:STATENAME>
        <mstns:STATENAME>no defect</mstns:STATENAME>
        <mstns:STATENAME>one defect</mstns:STATENAME>
      </mstns:VAR>
      <mstns:VAR YPOS="35" XPOS="50" TYPE="discrete" NAME="C7">
        <mstns:LABEL>CC:Condition</mstns:LABEL>
        <mstns:STATENAME>peach</mstns:STATENAME>
        <mstns:STATENAME>lemon</mstns:STATENAME>
      </mstns:VAR>
      <mstns:DECISION YPOS="190" XPOS="35" TYPE="discrete" NAME="D1">
        <mstns:LABEL>T1: Do test 1?</mstns:LABEL>
        <mstns:STATENAME>no test</mstns:STATENAME>
        <mstns:STATENAME>steering</mstns:STATENAME>
        <mstns:STATENAME>fuel/elect</mstns:STATENAME>
        <mstns:STATENAME>transmission</mstns:STATENAME>
      </mstns:DECISION>
      <mstns:DECISION YPOS="230" XPOS="130" TYPE="discrete" NAME="D2">
        <mstns:LABEL>T2: Do test 2?</mstns:LABEL>
        <mstns:STATENAME>no test</mstns:STATENAME>
        <mstns:STATENAME>differential</mstns:STATENAME>
      </mstns:DECISION>
      <mstns:DECISION YPOS="180" XPOS="250" TYPE="discrete" NAME="D3">
        <mstns:LABEL>B: Buy it?</mstns:LABEL>
        <mstns:STATENAME>do not buy</mstns:STATENAME>
        <mstns:STATENAME>buy</mstns:STATENAME>
        <mstns:STATENAME>buy guaranteed</mstns:STATENAME>
      </mstns:DECISION>
      <mstns:UTILITY YPOS="60" XPOS="250" TYPE="discrete" NAME="U4">
        <mstns:LABEL>V:Profit</mstns:LABEL>
        <mstns:STATENAME>Utility</mstns:STATENAME>
      </mstns:UTILITY>
    </mstns:VARIABLES>
    <mstns:STRUCTURE>
      <mstns:ARC CHILD="D2" PARENT="D1"/>
      <mstns:ARC CHILD="D2" PARENT="C5"/>
      <mstns:ARC CHILD="D3" PARENT="D2"/>
      <mstns:ARC CHILD="D3" PARENT="D1"/>
      <mstns:ARC CHILD="D3" PARENT="C5"/>
      <mstns:ARC CHILD="D3" PARENT="C6"/>
      <mstns:ARC CHILD="U4" PARENT="D1"/>
      <mstns:ARC CHILD="U4" PARENT="D2"/>
      <mstns:ARC CHILD="U4" PARENT="D3"/>
      <mstns:ARC CHILD="U4" PARENT="C7"/>
      <mstns:ARC CHILD="C5" PARENT="D1"/>
      <mstns:ARC CHILD="C5" PARENT="C7"/>
      <mstns:ARC CHILD="C6" PARENT="D1"/>
      <mstns:ARC CHILD="C6" PARENT="C5"/>
      <mstns:ARC CHILD="C6" PARENT="D2"/>
      <mstns:ARC CHILD="C6" PARENT="C7"/>
    </mstns:STRUCTURE>
    <mstns:POTENTIAL>
      <mstns:POT>
        <mstns:PRIVATE NAME="D1"/>
        <mstns:CONDSET/>
      </mstns:POT>
      <mstns:POT>
        <mstns:PRIVATE NAME="D2"/>
        <mstns:CONDSET>
          <mstns:CONDLEM NAME="D1"/>
          <mstns:CONDLEM NAME="C5"/>
        </mstns:CONDSET>
      </mstns:POT>
      <mstns:POT>
        <mstns:PRIVATE NAME="D3"/>
        <mstns:CONDSET>
          <mstns:CONDLEM NAME="D2"/>
          <mstns:CONDLEM NAME="D1"/>
          <mstns:CONDLEM NAME="C5"/>
          <mstns:CONDLEM NAME="C6"/>
        </mstns:CONDSET>
      </mstns:POT>
      <mstns:POT>
        <mstns:PRIVATE NAME="U4"/>
        <mstns:CONDSET>
          <mstns:CONDLEM NAME="C7"/>
          <mstns:CONDLEM NAME="D3"/>
          <mstns:CONDLEM NAME="D2"/>
          <mstns:CONDLEM NAME="D1"/>
        </mstns:CONDSET>
        <mstns:DPIS>
          <mstns:DPI INDEXES="0">0.0</mstns:DPI>
          <mstns:DPI INDEXES="1">0.0</mstns:DPI>
          <mstns:DPI INDEXES="2">60.0</mstns:DPI>
          <mstns:DPI INDEXES="3">-100.0</mstns:DPI>
          <mstns:DPI INDEXES="4">20.0</mstns:DPI>
          <mstns:DPI INDEXES="5">40.0</mstns:DPI>
          <mstns:DPI INDEXES="6">-1000.0</mstns:DPI>
          <mstns:DPI INDEXES="7">-1000.0</mstns:DPI>
          <mstns:DPI INDEXES="8">-1000.0</mstns:DPI>
          <mstns:DPI INDEXES="9">-1000.0</mstns:DPI>
          <mstns:DPI INDEXES="10">-1000.0</mstns:DPI>
          <mstns:DPI INDEXES="11">-1000.0</mstns:DPI>
          <mstns:DPI INDEXES="12">-9.0</mstns:DPI>
          <mstns:DPI INDEXES="13">-9.0</mstns:DPI>
          <mstns:DPI INDEXES="14">51.0</mstns:DPI>
          <mstns:DPI INDEXES="15">-109.0</mstns:DPI>
          <mstns:DPI INDEXES="16">11.0</mstns:DPI>
          <mstns:DPI INDEXES="17">31.0</mstns:DPI>
          <mstns:DPI INDEXES="18">-1000.0</mstns:DPI>
          <mstns:DPI INDEXES="19">-1000.0</mstns:DPI>
          <mstns:DPI INDEXES="20">-1000.0</mstns:DPI>
          <mstns:DPI INDEXES="21">-1000.0</mstns:DPI>
          <mstns:DPI INDEXES="22">-1000.0</mstns:DPI>
          <mstns:DPI INDEXES="23">-1000.0</mstns:DPI>
          <mstns:DPI INDEXES="24">-13.0</mstns:DPI>
          <mstns:DPI INDEXES="25">-13.0</mstns:DPI>
          <mstns:DPI INDEXES="26">47.0</mstns:DPI>
          <mstns:DPI INDEXES="27">-113.0</mstns:DPI>
          <mstns:DPI INDEXES="28">7.0</mstns:DPI>
          <mstns:DPI INDEXES="29">27.0</mstns:DPI>
          <mstns:DPI INDEXES="30">-1000.0</mstns:DPI>
          <mstns:DPI INDEXES="31">-1000.0</mstns:DPI>
          <mstns:DPI INDEXES="32">-1000.0</mstns:DPI>
          <mstns:DPI INDEXES="33">-1000.0</mstns:DPI>
          <mstns:DPI INDEXES="34">-1000.0</mstns:DPI>
          <mstns:DPI INDEXES="35">-1000.0</mstns:DPI>
          <mstns:DPI INDEXES="36">-10.0</mstns:DPI>
          <mstns:DPI INDEXES="37">-10.0</mstns:DPI>
          <mstns:DPI INDEXES="38">50.0</mstns:DPI>
          <mstns:DPI INDEXES="39">-110.0</mstns:DPI>
          <mstns:DPI INDEXES="40">10.0</mstns:DPI>
          <mstns:DPI INDEXES="41">30.0</mstns:DPI>
          <mstns:DPI INDEXES="42">-14.0</mstns:DPI>
          <mstns:DPI INDEXES="43">-14.0</mstns:DPI>
          <mstns:DPI INDEXES="44">46.0</mstns:DPI>
          <mstns:DPI INDEXES="45">-114.0</mstns:DPI>
          <mstns:DPI INDEXES="46">6.0</mstns:DPI>
          <mstns:DPI INDEXES="47">26.0</mstns:DPI>
        </mstns:DPIS>
      </mstns:POT>
      <mstns:POT>
        <mstns:PRIVATE NAME="C5"/>
        <mstns:CONDSET>
          <mstns:CONDLEM NAME="C7"/>
          <mstns:CONDLEM NAME="D1"/>
        </mstns:CONDSET>
        <mstns:DPIS>
          <mstns:DPI INDEXES="0">1.0</mstns:DPI>
          <mstns:DPI INDEXES="0">0.0</mstns:DPI>
          <mstns:DPI INDEXES="0">0.0</mstns:DPI>
          <mstns:DPI INDEXES="0">0.0</mstns:DPI>
          <mstns:DPI INDEXES="1">1.0</mstns:DPI>
          <mstns:DPI INDEXES="1">0.0</mstns:DPI>
          <mstns:DPI INDEXES="1">0.0</mstns:DPI>
          <mstns:DPI INDEXES="1">0.0</mstns:DPI>
          <mstns:DPI INDEXES="2">0.0</mstns:DPI>
          <mstns:DPI INDEXES="2">0.9</mstns:DPI>
          <mstns:DPI INDEXES="2">0.1</mstns:DPI>
          <mstns:DPI INDEXES="2">0.0</mstns:DPI>
          <mstns:DPI INDEXES="3">0.0</mstns:DPI>
          <mstns:DPI INDEXES="3">0.4</mstns:DPI>
          <mstns:DPI INDEXES="3">0.6</mstns:DPI>
          <mstns:DPI INDEXES="3">0.0</mstns:DPI>
          <mstns:DPI INDEXES="4">0.0</mstns:DPI>
          <mstns:DPI INDEXES="4">0.8</mstns:DPI>
          <mstns:DPI INDEXES="4">0.2</mstns:DPI>
          <mstns:DPI INDEXES="4">0.0</mstns:DPI>
          <mstns:DPI INDEXES="5">0.0</mstns:DPI>
          <mstns:DPI INDEXES="5">0.13333</mstns:DPI>
          <mstns:DPI INDEXES="5">0.53333</mstns:DPI>
          <mstns:DPI INDEXES="5">0.33333</mstns:DPI>
          <mstns:DPI INDEXES="6">0.0</mstns:DPI>
          <mstns:DPI INDEXES="6">0.9</mstns:DPI>
          <mstns:DPI INDEXES="6">0.1</mstns:DPI>
          <mstns:DPI INDEXES="6">0.0</mstns:DPI>
          <mstns:DPI INDEXES="7">0.0</mstns:DPI>
          <mstns:DPI INDEXES="7">0.4</mstns:DPI>
          <mstns:DPI INDEXES="7">0.6</mstns:DPI>
          <mstns:DPI INDEXES="7">0.0</mstns:DPI>
        </mstns:DPIS>
      </mstns:POT>
      <mstns:POT>
        <mstns:PRIVATE NAME="C6"/>
        <mstns:CONDSET>
          <mstns:CONDLEM NAME="C7"/>
          <mstns:CONDLEM NAME="D2"/>
          <mstns:CONDLEM NAME="C5"/>
          <mstns:CONDLEM NAME="D1"/>
        </mstns:CONDSET>
        <mstns:DPIS>
          <mstns:DPI INDEXES="0">1.0</mstns:DPI>
          <mstns:DPI INDEXES="0">0.0</mstns:DPI>
          <mstns:DPI INDEXES="0">0.0</mstns:DPI>
          <mstns:DPI INDEXES="1">1.0</mstns:DPI>
          <mstns:DPI INDEXES="1">0.0</mstns:DPI>
          <mstns:DPI INDEXES="1">0.0</mstns:DPI>
          <mstns:DPI INDEXES="2">1.0</mstns:DPI>
          <mstns:DPI INDEXES="2">0.0</mstns:DPI>
          <mstns:DPI INDEXES="2">0.0</mstns:DPI>
          <mstns:DPI INDEXES="3">1.0</mstns:DPI>
          <mstns:DPI INDEXES="3">0.0</mstns:DPI>
          <mstns:DPI INDEXES="3">0.0</mstns:DPI>
          <mstns:DPI INDEXES="4">1.0</mstns:DPI>
          <mstns:DPI INDEXES="4">0.0</mstns:DPI>
          <mstns:DPI INDEXES="4">0.0</mstns:DPI>
          <mstns:DPI INDEXES="5">1.0</mstns:DPI>
          <mstns:DPI INDEXES="5">0.0</mstns:DPI>
          <mstns:DPI INDEXES="5">0.0</mstns:DPI>
          <mstns:DPI INDEXES="6">1.0</mstns:DPI>
          <mstns:DPI INDEXES="6">0.0</mstns:DPI>
          <mstns:DPI INDEXES="6">0.0</mstns:DPI>
          <mstns:DPI INDEXES="7">1.0</mstns:DPI>
          <mstns:DPI INDEXES="7">0.0</mstns:DPI>
          <mstns:DPI INDEXES="7">0.0</mstns:DPI>
          <mstns:DPI INDEXES="8">1.0</mstns:DPI>
          <mstns:DPI INDEXES="8">0.0</mstns:DPI>
          <mstns:DPI INDEXES="8">0.0</mstns:DPI>
          <mstns:DPI INDEXES="9">1.0</mstns:DPI>
          <mstns:DPI INDEXES="9">0.0</mstns:DPI>
          <mstns:DPI INDEXES="9">0.0</mstns:DPI>
          <mstns:DPI INDEXES="10">1.0</mstns:DPI>
          <mstns:DPI INDEXES="10">0.0</mstns:DPI>
          <mstns:DPI INDEXES="10">0.0</mstns:DPI>
          <mstns:DPI INDEXES="11">1.0</mstns:DPI>
          <mstns:DPI INDEXES="11">0.0</mstns:DPI>
          <mstns:DPI INDEXES="11">0.0</mstns:DPI>
          <mstns:DPI INDEXES="12">1.0</mstns:DPI>
          <mstns:DPI INDEXES="12">0.0</mstns:DPI>
          <mstns:DPI INDEXES="12">0.0</mstns:DPI>
          <mstns:DPI INDEXES="13">1.0</mstns:DPI>
          <mstns:DPI INDEXES="13">0.0</mstns:DPI>
          <mstns:DPI INDEXES="13">0.0</mstns:DPI>
          <mstns:DPI INDEXES="14">1.0</mstns:DPI>
          <mstns:DPI INDEXES="14">0.0</mstns:DPI>
          <mstns:DPI INDEXES="14">0.0</mstns:DPI>
          <mstns:DPI INDEXES="15">1.0</mstns:DPI>
          <mstns:DPI INDEXES="15">0.0</mstns:DPI>
          <mstns:DPI INDEXES="15">0.0</mstns:DPI>
          <mstns:DPI INDEXES="16">1.0</mstns:DPI>
          <mstns:DPI INDEXES="16">0.0</mstns:DPI>
          <mstns:DPI INDEXES="16">0.0</mstns:DPI>
          <mstns:DPI INDEXES="17">1.0</mstns:DPI>
          <mstns:DPI INDEXES="17">0.0</mstns:DPI>
          <mstns:DPI INDEXES="17">0.0</mstns:DPI>
          <mstns:DPI INDEXES="18">1.0</mstns:DPI>
          <mstns:DPI INDEXES="18">0.0</mstns:DPI>
          <mstns:DPI INDEXES="18">0.0</mstns:DPI>
          <mstns:DPI INDEXES="19">1.0</mstns:DPI>
          <mstns:DPI INDEXES="19">0.0</mstns:DPI>
          <mstns:DPI INDEXES="19">0.0</mstns:DPI>
          <mstns:DPI INDEXES="20">1.0</mstns:DPI>
          <mstns:DPI INDEXES="20">0.0</mstns:DPI>
          <mstns:DPI INDEXES="20">0.0</mstns:DPI>
          <mstns:DPI INDEXES="21">1.0</mstns:DPI>
          <mstns:DPI INDEXES="21">0.0</mstns:DPI>
          <mstns:DPI INDEXES="21">0.0</mstns:DPI>
          <mstns:DPI INDEXES="22">1.0</mstns:DPI>
          <mstns:DPI INDEXES="22">0.0</mstns:DPI>
          <mstns:DPI INDEXES="22">0.0</mstns:DPI>
          <mstns:DPI INDEXES="23">1.0</mstns:DPI>
          <mstns:DPI INDEXES="23">0.0</mstns:DPI>
          <mstns:DPI INDEXES="23">0.0</mstns:DPI>
          <mstns:DPI INDEXES="24">1.0</mstns:DPI>
          <mstns:DPI INDEXES="24">0.0</mstns:DPI>
          <mstns:DPI INDEXES="24">0.0</mstns:DPI>
          <mstns:DPI INDEXES="25">1.0</mstns:DPI>
          <mstns:DPI INDEXES="25">0.0</mstns:DPI>
          <mstns:DPI INDEXES="25">0.0</mstns:DPI>
          <mstns:DPI INDEXES="26">1.0</mstns:DPI>
          <mstns:DPI INDEXES="26">0.0</mstns:DPI>
          <mstns:DPI INDEXES="26">0.0</mstns:DPI>
          <mstns:DPI INDEXES="27">1.0</mstns:DPI>
          <mstns:DPI INDEXES="27">0.0</mstns:DPI>
          <mstns:DPI INDEXES="27">0.0</mstns:DPI>
          <mstns:DPI INDEXES="28">1.0</mstns:DPI>
          <mstns:DPI INDEXES="28">0.0</mstns:DPI>
          <mstns:DPI INDEXES="28">0.0</mstns:DPI>
          <mstns:DPI INDEXES="29">1.0</mstns:DPI>
          <mstns:DPI INDEXES="29">0.0</mstns:DPI>
          <mstns:DPI INDEXES="29">0.0</mstns:DPI>
          <mstns:DPI INDEXES="30">1.0</mstns:DPI>
          <mstns:DPI INDEXES="30">0.0</mstns:DPI>
          <mstns:DPI INDEXES="30">0.0</mstns:DPI>
          <mstns:DPI INDEXES="31">1.0</mstns:DPI>
          <mstns:DPI INDEXES="31">0.0</mstns:DPI>
          <mstns:DPI INDEXES="31">0.0</mstns:DPI>
          <mstns:DPI INDEXES="32">1.0</mstns:DPI>
          <mstns:DPI INDEXES="32">0.0</mstns:DPI>
          <mstns:DPI INDEXES="32">0.0</mstns:DPI>
          <mstns:DPI INDEXES="33">1.0</mstns:DPI>
          <mstns:DPI INDEXES="33">0.0</mstns:DPI>
          <mstns:DPI INDEXES="33">0.0</mstns:DPI>
          <mstns:DPI INDEXES="34">1.0</mstns:DPI>
          <mstns:DPI INDEXES="34">0.0</mstns:DPI>
          <mstns:DPI INDEXES="34">0.0</mstns:DPI>
          <mstns:DPI INDEXES="35">1.0</mstns:DPI>
          <mstns:DPI INDEXES="35">0.0</mstns:DPI>
          <mstns:DPI INDEXES="35">0.0</mstns:DPI>
          <mstns:DPI INDEXES="36">1.0</mstns:DPI>
          <mstns:DPI INDEXES="36">0.0</mstns:DPI>
          <mstns:DPI INDEXES="36">0.0</mstns:DPI>
          <mstns:DPI INDEXES="37">1.0</mstns:DPI>
          <mstns:DPI INDEXES="37">0.0</mstns:DPI>
          <mstns:DPI INDEXES="37">0.0</mstns:DPI>
          <mstns:DPI INDEXES="38">1.0</mstns:DPI>
          <mstns:DPI INDEXES="38">0.0</mstns:DPI>
          <mstns:DPI INDEXES="38">0.0</mstns:DPI>
          <mstns:DPI INDEXES="39">1.0</mstns:DPI>
          <mstns:DPI INDEXES="39">0.0</mstns:DPI>
          <mstns:DPI INDEXES="39">0.0</mstns:DPI>
          <mstns:DPI INDEXES="40">1.0</mstns:DPI>
          <mstns:DPI INDEXES="40">0.0</mstns:DPI>
          <mstns:DPI INDEXES="40">0.0</mstns:DPI>
          <mstns:DPI INDEXES="41">1.0</mstns:DPI>
          <mstns:DPI INDEXES="41">0.0</mstns:DPI>
          <mstns:DPI INDEXES="41">0.0</mstns:DPI>
          <mstns:DPI INDEXES="42">1.0</mstns:DPI>
          <mstns:DPI INDEXES="42">0.0</mstns:DPI>
          <mstns:DPI INDEXES="42">0.0</mstns:DPI>
          <mstns:DPI INDEXES="43">1.0</mstns:DPI>
          <mstns:DPI INDEXES="43">0.0</mstns:DPI>
          <mstns:DPI INDEXES="43">0.0</mstns:DPI>
          <mstns:DPI INDEXES="44">1.0</mstns:DPI>
          <mstns:DPI INDEXES="44">0.0</mstns:DPI>
          <mstns:DPI INDEXES="44">0.0</mstns:DPI>
          <mstns:DPI INDEXES="45">1.0</mstns:DPI>
          <mstns:DPI INDEXES="45">0.0</mstns:DPI>
          <mstns:DPI INDEXES="45">0.0</mstns:DPI>
          <mstns:DPI INDEXES="46">1.0</mstns:DPI>
          <mstns:DPI INDEXES="46">0.0</mstns:DPI>
          <mstns:DPI INDEXES="46">0.0</mstns:DPI>
          <mstns:DPI INDEXES="47">1.0</mstns:DPI>
          <mstns:DPI INDEXES="47">0.0</mstns:DPI>
          <mstns:DPI INDEXES="47">0.0</mstns:DPI>
          <mstns:DPI INDEXES="48">1.0</mstns:DPI>
          <mstns:DPI INDEXES="48">0.0</mstns:DPI>
          <mstns:DPI INDEXES="48">0.0</mstns:DPI>
          <mstns:DPI INDEXES="49">1.0</mstns:DPI>
          <mstns:DPI INDEXES="49">0.0</mstns:DPI>
          <mstns:DPI INDEXES="49">0.0</mstns:DPI>
          <mstns:DPI INDEXES="50">1.0</mstns:DPI>
          <mstns:DPI INDEXES="50">0.0</mstns:DPI>
          <mstns:DPI INDEXES="50">0.0</mstns:DPI>
          <mstns:DPI INDEXES="51">1.0</mstns:DPI>
          <mstns:DPI INDEXES="51">0.0</mstns:DPI>
          <mstns:DPI INDEXES="51">0.0</mstns:DPI>
          <mstns:DPI INDEXES="52">1.0</mstns:DPI>
          <mstns:DPI INDEXES="52">0.0</mstns:DPI>
          <mstns:DPI INDEXES="52">0.0</mstns:DPI>
          <mstns:DPI INDEXES="53">1.0</mstns:DPI>
          <mstns:DPI INDEXES="53">0.0</mstns:DPI>
          <mstns:DPI INDEXES="53">0.0</mstns:DPI>
          <mstns:DPI INDEXES="54">1.0</mstns:DPI>
          <mstns:DPI INDEXES="54">0.0</mstns:DPI>
          <mstns:DPI INDEXES="54">0.0</mstns:DPI>
          <mstns:DPI INDEXES="55">0.0</mstns:DPI>
          <mstns:DPI INDEXES="55">0.88889</mstns:DPI>
          <mstns:DPI INDEXES="55">0.11111</mstns:DPI>
          <mstns:DPI INDEXES="56">0.0</mstns:DPI>
          <mstns:DPI INDEXES="56">0.66667</mstns:DPI>
          <mstns:DPI INDEXES="56">0.33333</mstns:DPI>
          <mstns:DPI INDEXES="57">1.0</mstns:DPI>
          <mstns:DPI INDEXES="57">0.0</mstns:DPI>
          <mstns:DPI INDEXES="57">0.0</mstns:DPI>
          <mstns:DPI INDEXES="58">0.0</mstns:DPI>
          <mstns:DPI INDEXES="58">1.0</mstns:DPI>
          <mstns:DPI INDEXES="58">0.0</mstns:DPI>
          <mstns:DPI INDEXES="59">0.0</mstns:DPI>
          <mstns:DPI INDEXES="59">0.44444</mstns:DPI>
          <mstns:DPI INDEXES="59">0.55556</mstns:DPI>
          <mstns:DPI INDEXES="60">1.0</mstns:DPI>
          <mstns:DPI INDEXES="60">0.0</mstns:DPI>
          <mstns:DPI INDEXES="60">0.0</mstns:DPI>
          <mstns:DPI INDEXES="61">1.0</mstns:DPI>
          <mstns:DPI INDEXES="61">0.0</mstns:DPI>
          <mstns:DPI INDEXES="61">0.0</mstns:DPI>
          <mstns:DPI INDEXES="62">1.0</mstns:DPI>
          <mstns:DPI INDEXES="62">0.0</mstns:DPI>
          <mstns:DPI INDEXES="62">0.0</mstns:DPI>
          <mstns:DPI INDEXES="63">1.0</mstns:DPI>
          <mstns:DPI INDEXES="63">0.0</mstns:DPI>
          <mstns:DPI INDEXES="63">0.0</mstns:DPI>
        </mstns:DPIS>
      </mstns:POT>
      <mstns:POT>
        <mstns:PRIVATE NAME="C7"/>
        <mstns:CONDSET/>
        <mstns:DPIS>
          <mstns:DPI INDEXES="0">0.8</mstns:DPI>
          <mstns:DPI INDEXES="0">0.2</mstns:DPI>
        </mstns:DPIS>
      </mstns:POT>
    </mstns:POTENTIAL>
  </mstns:NETWORK>
</mstns:BIF>