<?xml version='1.0' encoding='US-ASCII'?>
<mstns:BIF VERSION="0" xmlns:mstns="http://localhost/xml/model.xsd">
  <mstns:HEADER>
    <mstns:NAME>learned net</mstns:NAME>
    <mstns:VERSION>1</mstns:VERSION>
    <mstns:CREATOR>UnBBayes</mstns:CREATOR>
  </mstns:HEADER>
  <mstns:STATICPROPERTY>
    <mstns:NODESIZE>0</mstns:NODESIZE>
    <mstns:NODEFONTSIZE>0</mstns:NODEFONTSIZE>
    <mstns:COLORUTILITY>-16711681</mstns:COLORUTILITY>
    <mstns:COLORDECISION>-14336</mstns:COLORDECISION>
    <mstns:COLORPROBDESCRIPTION>-256</mstns:COLORPROBDESCRIPTION>
    <mstns:COLORPROBEXPLANATION>-16711936</mstns:COLORPROBEXPLANATION>
  </mstns:STATICPROPERTY>
  <mstns:HIERARCHY>
    <mstns:ROOT NAME="Variveis de Informao">
      <mstns:LEVEL NAME="Identifica&#231;&#227;o Humana"/>
    </mstns:ROOT>
    <mstns:ROOT NAME="Identifica&#231;&#227;o Humana">
      <mstns:LEVEL NAME="Face"/>
      <mstns:LEVEL NAME="Faixa et&#225;ria do indiv&#237;duo"/>
    </mstns:ROOT>
    <mstns:ROOT NAME="Face">
      <mstns:LEVEL NAME="Mento"/>
      <mstns:LEVEL NAME="Proemin&#234;ncia da glabela"/>
      <mstns:LEVEL NAME="Inclina&#231;&#227;o fronte"/>
      <mstns:LEVEL NAME="Forma dos incisivos superiores"/>
      <mstns:LEVEL NAME="Caracter&#237;stica da &#243;rbita"/>
    </mstns:ROOT>
    <mstns:ROOT NAME="Mento">
      <mstns:LEVEL NAME="Arredondamento do mento"/>
      <mstns:LEVEL NAME="Proemin&#234;ncia do mento"/>
    </mstns:ROOT>
  </mstns:HIERARCHY>
  <mstns:NETWORK>
    <mstns:VARIABLES>
      <mstns:VAR YPOS="79" XPOS="413" TYPE="discrete" NAME="FaixaEtaria">
        <mstns:LABEL>Faixa et&#225;ria do indiv&#237;duo</mstns:LABEL>
        <mstns:STATENAME>Adulto</mstns:STATENAME>
        <mstns:STATENAME>PosPuberal</mstns:STATENAME>
        <mstns:STATENAME>Velho</mstns:STATENAME>
        <mstns:METAPHORE>
          <mstns:DESCRIPTION>Separa&#231;&#227;o de idade do indiv&#237;duo.
Os intervalos, em idade, s&#227;o:

Pos-puberal = [16 , 21)
Adulto = [21-60)
Velho = [60..)</mstns:DESCRIPTION>
          <mstns:COMPLEMENTARY>
            <mstns:NAME>Sexo do indiv&#237;duo</mstns:NAME>
            <mstns:COMMENTS>Acredita-se que quanto mais jovem o indiv&#237;duo, mas marca&#231;&#227;o "feminina" este ter&#225;.</mstns:COMMENTS>
          </mstns:COMPLEMENTARY>
        </mstns:METAPHORE>
      </mstns:VAR>
      <mstns:VAR YPOS="27" XPOS="231" TYPE="discrete" NAME="sexo">
        <mstns:LABEL>Sexo do indiv&#237;duo</mstns:LABEL>
        <mstns:STATENAME>Feminino</mstns:STATENAME>
        <mstns:STATENAME>Masculino</mstns:STATENAME>
        <mstns:METAPHORE>
          <mstns:DESCRIPTION>Sexo do indiv&#237;duo.</mstns:DESCRIPTION>
          <mstns:TRIGGER>
            <mstns:NAME>Proemin&#234;ncia da glabela</mstns:NAME>
            <mstns:COMMENTS>A mulher possui glabela mais aplanada, lisa e pouco delimitada.</mstns:COMMENTS>
          </mstns:TRIGGER>
          <mstns:EXCLUDENT>
            <mstns:NAME>Faixa et&#225;ria do indiv&#237;duo</mstns:NAME>
            <mstns:COMMENTS>A faixa et&#225;ria do indiv&#237;duo somente atua indiretamente com a determina&#231;&#227;o do sexo.
Quanto mais jovem, os cr&#226;nios aparentam ter menos "marcas" determinantes.</mstns:COMMENTS>
          </mstns:EXCLUDENT>
          <mstns:ESSENCIAL>
            <mstns:NAME>Inclina&#231;&#227;o fronte</mstns:NAME>
            <mstns:COMMENTS>Acredita-se que quanto mais inclinado a fronte, 
maior &#233; a chance do indiv&#237;duo ser masculino.</mstns:COMMENTS>
          </mstns:ESSENCIAL>
          <mstns:COMPLEMENTARY>
            <mstns:NAME>Caracter&#237;stica da &#243;rbita</mstns:NAME>
            <mstns:COMMENTS>Acredita-se que o homem tenha &#243;rbitas mais angulosas.
As mulheres possuem &#243;rbitas mais redondas.</mstns:COMMENTS>
          </mstns:COMPLEMENTARY>
          <mstns:NA>
            <mstns:NAME>Forma dos incisivos superiores</mstns:NAME>
            <mstns:COMMENTS/>
          </mstns:NA>
        </mstns:METAPHORE>
      </mstns:VAR>
      <mstns:VAR YPOS="74" XPOS="100" TYPE="discrete" NAME="glabela">
        <mstns:LABEL>Proemin&#234;ncia da glabela</mstns:LABEL>
        <mstns:STATENAME>NaoProeminente</mstns:STATENAME>
        <mstns:STATENAME>Proeminente</mstns:STATENAME>
        <mstns:METAPHORE>
          <mstns:DESCRIPTION>Espa&#231;o entre as sobrancelhas.</mstns:DESCRIPTION>
        </mstns:METAPHORE>
      </mstns:VAR>
      <mstns:VAR YPOS="203" XPOS="69" TYPE="discrete" NAME="fronte">
        <mstns:LABEL>Inclina&#231;&#227;o fronte</mstns:LABEL>
        <mstns:STATENAME>Vertical</mstns:STATENAME>
        <mstns:STATENAME>Inclinada</mstns:STATENAME>
        <mstns:METAPHORE>
          <mstns:DESCRIPTION>Parte front&#225;ria do cr&#226;nio. Testa.</mstns:DESCRIPTION>
        </mstns:METAPHORE>
      </mstns:VAR>
      <mstns:VAR YPOS="208" XPOS="131" TYPE="discrete" NAME="incisivos">
        <mstns:LABEL>Forma dos incisivos superiores</mstns:LABEL>
        <mstns:STATENAME>Quadrado</mstns:STATENAME>
        <mstns:STATENAME>Redondo</mstns:STATENAME>
        <mstns:METAPHORE>
          <mstns:DESCRIPTION>Formato dos incisivos superiores.

Os incisivos s&#227;o os dentes que cortam alimentos, situados na parte
anterior dos dois maxilares.</mstns:DESCRIPTION>
        </mstns:METAPHORE>
      </mstns:VAR>
      <mstns:VAR YPOS="217" XPOS="221" TYPE="discrete" NAME="Arredondamento">
        <mstns:LABEL>Arredondamento do mento</mstns:LABEL>
        <mstns:STATENAME>Arredondado</mstns:STATENAME>
        <mstns:STATENAME>Quadrado</mstns:STATENAME>
        <mstns:METAPHORE>
          <mstns:DESCRIPTION>Arredondamento do mento.

O mento &#233; a parte inferior e m&#233;dia da face, abaixo do l&#225;bio inferior; comumente
conhecido como queixo.</mstns:DESCRIPTION>
        </mstns:METAPHORE>
      </mstns:VAR>
      <mstns:VAR YPOS="211" XPOS="322" TYPE="discrete" NAME="Proeminencia">
        <mstns:LABEL>Proemin&#234;ncia do mento</mstns:LABEL>
        <mstns:STATENAME>Discreto</mstns:STATENAME>
        <mstns:STATENAME>Proeminente</mstns:STATENAME>
        <mstns:METAPHORE>
          <mstns:DESCRIPTION>Proemin&#234;ncia do mento.

O mento &#233; a parte inferior e m&#233;dia da face, abaixo do l&#225;bio inferior; comumente
conhecido como queixo.</mstns:DESCRIPTION>
        </mstns:METAPHORE>
      </mstns:VAR>
      <mstns:VAR YPOS="199" XPOS="410" TYPE="discrete" NAME="orbita">
        <mstns:LABEL>Caracter&#237;stica da &#243;rbita</mstns:LABEL>
        <mstns:STATENAME>Angulosa</mstns:STATENAME>
        <mstns:STATENAME>Redonda</mstns:STATENAME>
        <mstns:METAPHORE>
          <mstns:DESCRIPTION>Cavidade ocular.</mstns:DESCRIPTION>
        </mstns:METAPHORE>
      </mstns:VAR>
    </mstns:VARIABLES>
    <mstns:STRUCTURE>
      <mstns:ARC CHILD="FaixaEtaria" PARENT="sexo"/>
      <mstns:ARC CHILD="FaixaEtaria" PARENT="glabela"/>
      <mstns:ARC CHILD="glabela" PARENT="sexo"/>
      <mstns:ARC CHILD="fronte" PARENT="sexo"/>
      <mstns:ARC CHILD="fronte" PARENT="glabela"/>
      <mstns:ARC CHILD="incisivos" PARENT="sexo"/>
      <mstns:ARC CHILD="incisivos" PARENT="FaixaEtaria"/>
      <mstns:ARC CHILD="Arredondamento" PARENT="sexo"/>
      <mstns:ARC CHILD="Arredondamento" PARENT="FaixaEtaria"/>
      <mstns:ARC CHILD="Proeminencia" PARENT="sexo"/>
      <mstns:ARC CHILD="Proeminencia" PARENT="FaixaEtaria"/>
      <mstns:ARC CHILD="orbita" PARENT="sexo"/>
      <mstns:ARC CHILD="orbita" PARENT="glabela"/>
    </mstns:STRUCTURE>
    <mstns:POTENTIAL>
      <mstns:POT>
        <mstns:PRIVATE NAME="FaixaEtaria"/>
        <mstns:CONDSET>
          <mstns:CONDLEM NAME="sexo"/>
          <mstns:CONDLEM NAME="glabela"/>
        </mstns:CONDSET>
        <mstns:DPIS>
          <mstns:DPI INDEXES="0">0.7852194</mstns:DPI>
          <mstns:DPI INDEXES="0">0.16628176</mstns:DPI>
          <mstns:DPI INDEXES="0">0.048498847</mstns:DPI>
          <mstns:DPI INDEXES="1">0.7</mstns:DPI>
          <mstns:DPI INDEXES="1">0.2</mstns:DPI>
          <mstns:DPI INDEXES="1">0.1</mstns:DPI>
          <mstns:DPI INDEXES="2">0.7080292</mstns:DPI>
          <mstns:DPI INDEXES="2">0.18978103</mstns:DPI>
          <mstns:DPI INDEXES="2">0.10218978</mstns:DPI>
          <mstns:DPI INDEXES="3">0.77260274</mstns:DPI>
          <mstns:DPI INDEXES="3">0.16712329</mstns:DPI>
          <mstns:DPI INDEXES="3">0.06027397</mstns:DPI>
        </mstns:DPIS>
      </mstns:POT>
      <mstns:POT>
        <mstns:PRIVATE NAME="sexo"/>
        <mstns:CONDSET/>
        <mstns:DPIS>
          <mstns:DPI INDEXES="0">0.4684492</mstns:DPI>
          <mstns:DPI INDEXES="0">0.5315508</mstns:DPI>
        </mstns:DPIS>
      </mstns:POT>
      <mstns:POT>
        <mstns:PRIVATE NAME="glabela"/>
        <mstns:CONDSET>
          <mstns:CONDLEM NAME="sexo"/>
        </mstns:CONDSET>
        <mstns:DPIS>
          <mstns:DPI INDEXES="0">0.9817768</mstns:DPI>
          <mstns:DPI INDEXES="0">0.018223235</mstns:DPI>
          <mstns:DPI INDEXES="1">0.27108434</mstns:DPI>
          <mstns:DPI INDEXES="1">0.7289157</mstns:DPI>
        </mstns:DPIS>
      </mstns:POT>
      <mstns:POT>
        <mstns:PRIVATE NAME="fronte"/>
        <mstns:CONDSET>
          <mstns:CONDLEM NAME="sexo"/>
          <mstns:CONDLEM NAME="glabela"/>
        </mstns:CONDSET>
        <mstns:DPIS>
          <mstns:DPI INDEXES="0">0.5300926</mstns:DPI>
          <mstns:DPI INDEXES="0">0.4699074</mstns:DPI>
          <mstns:DPI INDEXES="1">0.44444445</mstns:DPI>
          <mstns:DPI INDEXES="1">0.5555556</mstns:DPI>
          <mstns:DPI INDEXES="2">0.05882353</mstns:DPI>
          <mstns:DPI INDEXES="2">0.9411765</mstns:DPI>
          <mstns:DPI INDEXES="3">0.54395604</mstns:DPI>
          <mstns:DPI INDEXES="3">0.45604396</mstns:DPI>
        </mstns:DPIS>
      </mstns:POT>
      <mstns:POT>
        <mstns:PRIVATE NAME="incisivos"/>
        <mstns:CONDSET>
          <mstns:CONDLEM NAME="sexo"/>
          <mstns:CONDLEM NAME="FaixaEtaria"/>
        </mstns:CONDSET>
        <mstns:DPIS>
          <mstns:DPI INDEXES="0">0.28818443</mstns:DPI>
          <mstns:DPI INDEXES="0">0.71181554</mstns:DPI>
          <mstns:DPI INDEXES="1">0.3783784</mstns:DPI>
          <mstns:DPI INDEXES="1">0.6216216</mstns:DPI>
          <mstns:DPI INDEXES="2">0.95454544</mstns:DPI>
          <mstns:DPI INDEXES="2">0.045454547</mstns:DPI>
          <mstns:DPI INDEXES="3">0.8390501</mstns:DPI>
          <mstns:DPI INDEXES="3">0.16094987</mstns:DPI>
          <mstns:DPI INDEXES="4">0.74712646</mstns:DPI>
          <mstns:DPI INDEXES="4">0.25287357</mstns:DPI>
          <mstns:DPI INDEXES="5">0.9722222</mstns:DPI>
          <mstns:DPI INDEXES="5">0.027777778</mstns:DPI>
        </mstns:DPIS>
      </mstns:POT>
      <mstns:POT>
        <mstns:PRIVATE NAME="Arredondamento"/>
        <mstns:CONDSET>
          <mstns:CONDLEM NAME="sexo"/>
          <mstns:CONDLEM NAME="FaixaEtaria"/>
        </mstns:CONDSET>
        <mstns:DPIS>
          <mstns:DPI INDEXES="0">0.55043226</mstns:DPI>
          <mstns:DPI INDEXES="0">0.44956774</mstns:DPI>
          <mstns:DPI INDEXES="1">0.6081081</mstns:DPI>
          <mstns:DPI INDEXES="1">0.3918919</mstns:DPI>
          <mstns:DPI INDEXES="2">0.22727273</mstns:DPI>
          <mstns:DPI INDEXES="2">0.77272725</mstns:DPI>
          <mstns:DPI INDEXES="3">0.43271768</mstns:DPI>
          <mstns:DPI INDEXES="3">0.5672823</mstns:DPI>
          <mstns:DPI INDEXES="4">0.44827586</mstns:DPI>
          <mstns:DPI INDEXES="4">0.55172414</mstns:DPI>
          <mstns:DPI INDEXES="5">0.33333334</mstns:DPI>
          <mstns:DPI INDEXES="5">0.6666667</mstns:DPI>
        </mstns:DPIS>
      </mstns:POT>
      <mstns:POT>
        <mstns:PRIVATE NAME="Proeminencia"/>
        <mstns:CONDSET>
          <mstns:CONDLEM NAME="sexo"/>
          <mstns:CONDLEM NAME="FaixaEtaria"/>
        </mstns:CONDSET>
        <mstns:DPIS>
          <mstns:DPI INDEXES="0">0.52161384</mstns:DPI>
          <mstns:DPI INDEXES="0">0.47838616</mstns:DPI>
          <mstns:DPI INDEXES="1">0.7972973</mstns:DPI>
          <mstns:DPI INDEXES="1">0.2027027</mstns:DPI>
          <mstns:DPI INDEXES="2">0.72727275</mstns:DPI>
          <mstns:DPI INDEXES="2">0.27272728</mstns:DPI>
          <mstns:DPI INDEXES="3">0.30079156</mstns:DPI>
          <mstns:DPI INDEXES="3">0.69920844</mstns:DPI>
          <mstns:DPI INDEXES="4">0.40229884</mstns:DPI>
          <mstns:DPI INDEXES="4">0.59770113</mstns:DPI>
          <mstns:DPI INDEXES="5">0.7222222</mstns:DPI>
          <mstns:DPI INDEXES="5">0.2777778</mstns:DPI>
        </mstns:DPIS>
      </mstns:POT>
      <mstns:POT>
        <mstns:PRIVATE NAME="orbita"/>
        <mstns:CONDSET>
          <mstns:CONDLEM NAME="sexo"/>
          <mstns:CONDLEM NAME="glabela"/>
        </mstns:CONDSET>
        <mstns:DPIS>
          <mstns:DPI INDEXES="0">0.4074074</mstns:DPI>
          <mstns:DPI INDEXES="0">0.5925926</mstns:DPI>
          <mstns:DPI INDEXES="1">0.22222222</mstns:DPI>
          <mstns:DPI INDEXES="1">0.7777778</mstns:DPI>
          <mstns:DPI INDEXES="2">0.7132353</mstns:DPI>
          <mstns:DPI INDEXES="2">0.2867647</mstns:DPI>
          <mstns:DPI INDEXES="3">0.5521978</mstns:DPI>
          <mstns:DPI INDEXES="3">0.4478022</mstns:DPI>
        </mstns:DPIS>
      </mstns:POT>
    </mstns:POTENTIAL>
  </mstns:NETWORK>
</mstns:BIF>